Núm;Data albarà;Beneficiari;Classe;Tutor/a;Total compra;Estat;;Estat cobrament;;
1001;22/09/2025;Aguilar Ventura, Mar;Tercer de Primària-A;Aldea Ripoll, Marina;45;Entregat;;Enviat a rebuts;;
1002;22/09/2025;Bermejo Andreu, Roc;Tercer de Primària-A;Aldea Ripoll, Marina;45;Entregat;;Enviat a rebuts;;
1003;23/09/2025;Carrasco Bonet, Leia;Tercer de Primària-B;Cabrera Lluch, Òscar;45;Entregat;;Enviat a rebuts;;
1004;23/09/2025;Duran Mestre, Adrià;Tercer de Primària-B;Cabrera Lluch, Òscar;54;Entregat;;Enviat a rebuts;;
1005;24/09/2025;Espinosa Gual, Vera;Quart de Primària-A;Serra Antón, Paula;45;Entregat;;Enviat a rebuts;;
1006;24/09/2025;Fuentes Roldán, Bruno;Quart de Primària-A;Serra Antón, Paula;54;Entregat;;Enviat a rebuts;;
1007;25/09/2025;Gimeno Salas, Núria;Quart de Primària-B;Mendoza Grau, Iván;45;Entregat;;Enviat a rebuts;;
1008;25/09/2025;Herrero Pi, Unai;Quart de Primària-C;Arnau Piqué, Sílvia;66,5;Entregat;;Enviat a rebuts;;
1009;26/09/2025;Iglesias Fort, Aina;Cinqué de Primària-A;Ribas Ortega, Laia;60;Entregat;;Enviat a rebuts;;
1010;26/09/2025;Jara Comas, Èric;Cinqué de Primària-A;Ribas Ortega, Laia;60;Entregat;;Enviat a rebuts;;
1011;29/09/2025;Lucas Ferrán, Ona;Cinqué de Primària-B;Domènech Puig, Arnau;72;Entregat;;Enviat a rebuts;;
1012;29/09/2025;Molina Trias, Pol;Sisé de Primària-A;Ferrer Solé, Clara;72;Entregat;;Enviat a rebuts;;
1013;30/09/2025;Nogales Sanz, Abril;Sisé de Primària-B;Blanco Rueda, Sergio;84,5;Entregat;;Enviat a rebuts;;
1014;30/09/2025;Otero Valls, Guillem;Primer de la ESO-A;Ortiz Vidal, Nerea;90;Entregat;;Enviat a rebuts;;
1015;01/10/2025;Prats Medina, Queralt;Primer de la ESO-B;Ortiz Vidal, Nerea;90;Entregat;;Enviat a rebuts;;
1016;01/10/2025;Quero Alsina, Izan;Segón de la ESO-A;Herrera Camps, Pau;97,5;Entregat;;Enviat a rebuts;;
1017;02/10/2025;Riera Tomás, Jana;Segón de la ESO-B;Herrera Camps, Pau;90;Entregat;;Enviat a rebuts;;
1018;02/10/2025;Soler Vidal, Nil;Primer de Primària-A;Sanz Oliva, Marc;36;Entregat;;Enviat a rebuts;;
1019;03/10/2025;Torres Ramis, Lia;Tercer de la ESO-A;Lozano Mir, Elena;110;Entregat;;Enviat a rebuts;;
1021;06/10/2025;Vallès Prat, Ariadna;Tercer de la ESO-B;Lozano Mir, Elena;110;Entregat;;Enviat a rebuts;;
1022;06/10/2025;Ximenis Roca, Bernat;Quart de la ESO-A;Pujol Estrada, Jordi;120;Entregat;;Enviat a rebuts;;
1020;03/10/2025;Urbano Feliu, Marc;Infantil 5 anys-A;Camps Rosell, Berta;30;Entregat;;Enviat a rebuts;;
